column_name,what_it_measures,why_included_in_analysis,how_value_is_computed,computation_tools,narrative_summary
dataset,Dataset identifier (experimental replicate or processing batch label).,Allows users to keep replicate-level provenance and compare conditions across experiments.,User-provided string inserted into each row when running batch quantification.,"pandas (groupby, agg, merge)","Dataset identifiers serve as critical metadata anchoring all downstream measurements to their experimental provenance. This tracking enables multi-dataset statistical integration, comparative phenotyping across experimental conditions, and identification of batch effects or experimental-specific biases."
image_name,Source image identifier (file stem).,Preserves per-image traceability and enables per-cell/per-image summaries.,Derived from input file path using the filename stem.,"pandas (groupby, agg, merge)","Individual image identifiers establish complete traceability from raw microscopy data through quantitative analysis, enabling researchers to validate measurements at single-image resolution, detect image-specific artifacts, and link morphological phenotypes to their source microscopy conditions."
mask_name,"Region used as quantification scope (for example cell mask, nucleus, or whole image).",Most outputs are interpreted relative to a biological compartment; mask_name defines that compartment.,Set from user inputs/region configuration; if no mask is supplied infer-subc uses whole-image scope.,"pandas (groupby, agg, merge)","The mask parameter defines the biological compartment serving as the quantification context—whether measurements are computed within the full cell, the nucleus, the cytoplasm, or the whole imaging field. This scope critically influences organelle distributions and abundances, making mask specification essential for proper biological interpretation of phenotypes."
scale,"Physical voxel size tuple (Z, Y, X) used for scaling geometric features.",Lets users interpret measurements in physical units and compare across imaging sessions.,Read from image metadata when available; otherwise infer-subc uses unit spacing and reports corresponding tuple.,"pandas (groupby, agg, merge)","Voxel scaling parameters convert pixel-based measurements into physically meaningful units, derived from microscope calibration. These scale factors account for differences in imaging magnification and detector sampling, enabling biologically rigorous cross-instrument and cross-protocol comparisons."
object,"Biological object class represented by the row (organelle, region, or interaction type).",Object-specific quantification is the core of organelle signature analysis.,Assigned from segmentation labels and interaction naming rules (for example mitoXlyso for overlaps).,"pandas (groupby, agg, merge)","Object classification categorizes the biological entity under study—whether individual organelle instances (mitochondria, lysosomes), defined cellular compartments (nucleus, cytoplasm), or emergent interaction sites where multiple organelle classes colocalize. This taxonomic organization structures the entire analytical framework."
"region,count",Count of object instances for `region` per per-image/per-mask scope.,Object abundance is a primary phenotype (load/frequency).,"Source: raw metrics table (e.g., organelle_morphology_metrics or interactions_morphology_metrics). Computation: pandas groupby count on grouped data per (dataset, image_name, mask_name, scale, object).","pandas (groupby, agg, merge)","Object counts per image quantify organelle abundance—a fundamental phenotype reflecting synthesis, degradation, and fragmentation dynamics. Abundance changes under stress reveal organelle responses to cellular conditions."
"volume,sum",SUM of `volume` aggregated at per-image/per-mask level.,Reduces object-level measurements to image-level phenotypes for biological comparison.,"Source: raw metrics table (e.g., organelle_morphology_metrics). Computation: pandas groupby(sum) on `volume` per (dataset, image_name, mask_name, scale, object).","pandas (groupby, agg, merge)","The SUM of volume values aggregates object-level measurements into per-image summaries, reducing object-level heterogeneity into interpretable image-level descriptors. These aggregated statistics enable comparative phenotyping across experimental conditions."
"volume,fraction",FRACTION of `volume` aggregated at per-image/per-mask level.,Reduces object-level measurements to image-level phenotypes for biological comparison.,Source: raw metrics table. Computation: (grouped_sum_of_volume / reference_mask_volume). Represents the volumetric fraction of object occupying the mask.,"pandas (groupby, agg, merge)","Volumetric fractions normalize total organelle occupancy to the reference compartment, enabling unbiased cross-image comparisons independent of cell size or imaging field of view. This normalization is essential for robust statistical comparisons."
"volume,mean",MEAN of `volume` aggregated at per-image/per-mask level.,Reduces object-level measurements to image-level phenotypes for biological comparison.,"Source: raw metrics table (e.g., organelle_morphology_metrics). Computation: pandas groupby(mean) on `volume` per (dataset, image_name, mask_name, scale, object).","pandas (groupby, agg, merge)","The MEAN of volume values aggregates object-level measurements into per-image summaries, reducing object-level heterogeneity into interpretable image-level descriptors. These aggregated statistics enable comparative phenotyping across experimental conditions."
"volume,median",MEDIAN of `volume` aggregated at per-image/per-mask level.,Reduces object-level measurements to image-level phenotypes for biological comparison.,"Source: raw metrics table (e.g., organelle_morphology_metrics). Computation: pandas groupby(median) on `volume` per (dataset, image_name, mask_name, scale, object).","pandas (groupby, agg, merge)","The MEDIAN of volume values aggregates object-level measurements into per-image summaries, reducing object-level heterogeneity into interpretable image-level descriptors. These aggregated statistics enable comparative phenotyping across experimental conditions."
"volume,std",STD of `volume` aggregated at per-image/per-mask level.,Reduces object-level measurements to image-level phenotypes for biological comparison.,"Source: raw metrics table (e.g., organelle_morphology_metrics). Computation: pandas groupby(std) on `volume` per (dataset, image_name, mask_name, scale, object).","pandas (groupby, agg, merge)","The STD of volume values aggregates object-level measurements into per-image summaries, reducing object-level heterogeneity into interpretable image-level descriptors. These aggregated statistics enable comparative phenotyping across experimental conditions."
"surface_area,sum",SUM of `surface_area` aggregated at per-image/per-mask level.,Reduces object-level measurements to image-level phenotypes for biological comparison.,"Source: raw metrics table (e.g., organelle_morphology_metrics). Computation: pandas groupby(sum) on `surface_area` per (dataset, image_name, mask_name, scale, object).","pandas (groupby, agg, merge)","The SUM of surface_area values aggregates object-level measurements into per-image summaries, reducing object-level heterogeneity into interpretable image-level descriptors. These aggregated statistics enable comparative phenotyping across experimental conditions."
"surface_area,mean",MEAN of `surface_area` aggregated at per-image/per-mask level.,Reduces object-level measurements to image-level phenotypes for biological comparison.,"Source: raw metrics table (e.g., organelle_morphology_metrics). Computation: pandas groupby(mean) on `surface_area` per (dataset, image_name, mask_name, scale, object).","pandas (groupby, agg, merge)","The MEAN of surface_area values aggregates object-level measurements into per-image summaries, reducing object-level heterogeneity into interpretable image-level descriptors. These aggregated statistics enable comparative phenotyping across experimental conditions."
"surface_area,median",MEDIAN of `surface_area` aggregated at per-image/per-mask level.,Reduces object-level measurements to image-level phenotypes for biological comparison.,"Source: raw metrics table (e.g., organelle_morphology_metrics). Computation: pandas groupby(median) on `surface_area` per (dataset, image_name, mask_name, scale, object).","pandas (groupby, agg, merge)","The MEDIAN of surface_area values aggregates object-level measurements into per-image summaries, reducing object-level heterogeneity into interpretable image-level descriptors. These aggregated statistics enable comparative phenotyping across experimental conditions."
"surface_area,std",STD of `surface_area` aggregated at per-image/per-mask level.,Reduces object-level measurements to image-level phenotypes for biological comparison.,"Source: raw metrics table (e.g., organelle_morphology_metrics). Computation: pandas groupby(std) on `surface_area` per (dataset, image_name, mask_name, scale, object).","pandas (groupby, agg, merge)","The STD of surface_area values aggregates object-level measurements into per-image summaries, reducing object-level heterogeneity into interpretable image-level descriptors. These aggregated statistics enable comparative phenotyping across experimental conditions."
"SA_to_volume_ratio,mean",MEAN of `SA_to_volume_ratio` aggregated at per-image/per-mask level.,Reduces object-level measurements to image-level phenotypes for biological comparison.,"Source: raw metrics table (e.g., organelle_morphology_metrics). Computation: pandas groupby(mean) on `SA_to_volume_ratio` per (dataset, image_name, mask_name, scale, object).","pandas (groupby, agg, merge)","The MEAN of SA_to_volume_ratio values aggregates object-level measurements into per-image summaries, reducing object-level heterogeneity into interpretable image-level descriptors. These aggregated statistics enable comparative phenotyping across experimental conditions."
"SA_to_volume_ratio,median",MEDIAN of `SA_to_volume_ratio` aggregated at per-image/per-mask level.,Reduces object-level measurements to image-level phenotypes for biological comparison.,"Source: raw metrics table (e.g., organelle_morphology_metrics). Computation: pandas groupby(median) on `SA_to_volume_ratio` per (dataset, image_name, mask_name, scale, object).","pandas (groupby, agg, merge)","The MEDIAN of SA_to_volume_ratio values aggregates object-level measurements into per-image summaries, reducing object-level heterogeneity into interpretable image-level descriptors. These aggregated statistics enable comparative phenotyping across experimental conditions."
"SA_to_volume_ratio,std",STD of `SA_to_volume_ratio` aggregated at per-image/per-mask level.,Reduces object-level measurements to image-level phenotypes for biological comparison.,"Source: raw metrics table (e.g., organelle_morphology_metrics). Computation: pandas groupby(std) on `SA_to_volume_ratio` per (dataset, image_name, mask_name, scale, object).","pandas (groupby, agg, merge)","The STD of SA_to_volume_ratio values aggregates object-level measurements into per-image summaries, reducing object-level heterogeneity into interpretable image-level descriptors. These aggregated statistics enable comparative phenotyping across experimental conditions."
"equivalent_diameter,mean",MEAN of `equivalent_diameter` aggregated at per-image/per-mask level.,Reduces object-level measurements to image-level phenotypes for biological comparison.,"Source: raw metrics table (e.g., organelle_morphology_metrics). Computation: pandas groupby(mean) on `equivalent_diameter` per (dataset, image_name, mask_name, scale, object).","pandas (groupby, agg, merge)","The MEAN of equivalent_diameter values aggregates object-level measurements into per-image summaries, reducing object-level heterogeneity into interpretable image-level descriptors. These aggregated statistics enable comparative phenotyping across experimental conditions."
"equivalent_diameter,median",MEDIAN of `equivalent_diameter` aggregated at per-image/per-mask level.,Reduces object-level measurements to image-level phenotypes for biological comparison.,"Source: raw metrics table (e.g., organelle_morphology_metrics). Computation: pandas groupby(median) on `equivalent_diameter` per (dataset, image_name, mask_name, scale, object).","pandas (groupby, agg, merge)","The MEDIAN of equivalent_diameter values aggregates object-level measurements into per-image summaries, reducing object-level heterogeneity into interpretable image-level descriptors. These aggregated statistics enable comparative phenotyping across experimental conditions."
"equivalent_diameter,std",STD of `equivalent_diameter` aggregated at per-image/per-mask level.,Reduces object-level measurements to image-level phenotypes for biological comparison.,"Source: raw metrics table (e.g., organelle_morphology_metrics). Computation: pandas groupby(std) on `equivalent_diameter` per (dataset, image_name, mask_name, scale, object).","pandas (groupby, agg, merge)","The STD of equivalent_diameter values aggregates object-level measurements into per-image summaries, reducing object-level heterogeneity into interpretable image-level descriptors. These aggregated statistics enable comparative phenotyping across experimental conditions."
"extent,mean",MEAN of `extent` aggregated at per-image/per-mask level.,Reduces object-level measurements to image-level phenotypes for biological comparison.,"Source: raw metrics table (e.g., organelle_morphology_metrics). Computation: pandas groupby(mean) on `extent` per (dataset, image_name, mask_name, scale, object).","pandas (groupby, agg, merge)","The MEAN of extent values aggregates object-level measurements into per-image summaries, reducing object-level heterogeneity into interpretable image-level descriptors. These aggregated statistics enable comparative phenotyping across experimental conditions."
"extent,median",MEDIAN of `extent` aggregated at per-image/per-mask level.,Reduces object-level measurements to image-level phenotypes for biological comparison.,"Source: raw metrics table (e.g., organelle_morphology_metrics). Computation: pandas groupby(median) on `extent` per (dataset, image_name, mask_name, scale, object).","pandas (groupby, agg, merge)","The MEDIAN of extent values aggregates object-level measurements into per-image summaries, reducing object-level heterogeneity into interpretable image-level descriptors. These aggregated statistics enable comparative phenotyping across experimental conditions."
"extent,std",STD of `extent` aggregated at per-image/per-mask level.,Reduces object-level measurements to image-level phenotypes for biological comparison.,"Source: raw metrics table (e.g., organelle_morphology_metrics). Computation: pandas groupby(std) on `extent` per (dataset, image_name, mask_name, scale, object).","pandas (groupby, agg, merge)","The STD of extent values aggregates object-level measurements into per-image summaries, reducing object-level heterogeneity into interpretable image-level descriptors. These aggregated statistics enable comparative phenotyping across experimental conditions."
"euler_number,mean",MEAN of `euler_number` aggregated at per-image/per-mask level.,Reduces object-level measurements to image-level phenotypes for biological comparison.,"Source: raw metrics table (e.g., organelle_morphology_metrics). Computation: pandas groupby(mean) on `euler_number` per (dataset, image_name, mask_name, scale, object).","pandas (groupby, agg, merge)","The MEAN of euler_number values aggregates object-level measurements into per-image summaries, reducing object-level heterogeneity into interpretable image-level descriptors. These aggregated statistics enable comparative phenotyping across experimental conditions."
"euler_number,median",MEDIAN of `euler_number` aggregated at per-image/per-mask level.,Reduces object-level measurements to image-level phenotypes for biological comparison.,"Source: raw metrics table (e.g., organelle_morphology_metrics). Computation: pandas groupby(median) on `euler_number` per (dataset, image_name, mask_name, scale, object).","pandas (groupby, agg, merge)","The MEDIAN of euler_number values aggregates object-level measurements into per-image summaries, reducing object-level heterogeneity into interpretable image-level descriptors. These aggregated statistics enable comparative phenotyping across experimental conditions."
"euler_number,std",STD of `euler_number` aggregated at per-image/per-mask level.,Reduces object-level measurements to image-level phenotypes for biological comparison.,"Source: raw metrics table (e.g., organelle_morphology_metrics). Computation: pandas groupby(std) on `euler_number` per (dataset, image_name, mask_name, scale, object).","pandas (groupby, agg, merge)","The STD of euler_number values aggregates object-level measurements into per-image summaries, reducing object-level heterogeneity into interpretable image-level descriptors. These aggregated statistics enable comparative phenotyping across experimental conditions."
"solidity,mean",MEAN of `solidity` aggregated at per-image/per-mask level.,Reduces object-level measurements to image-level phenotypes for biological comparison.,"Source: raw metrics table (e.g., organelle_morphology_metrics). Computation: pandas groupby(mean) on `solidity` per (dataset, image_name, mask_name, scale, object).","pandas (groupby, agg, merge)","The MEAN of solidity values aggregates object-level measurements into per-image summaries, reducing object-level heterogeneity into interpretable image-level descriptors. These aggregated statistics enable comparative phenotyping across experimental conditions."
"solidity,median",MEDIAN of `solidity` aggregated at per-image/per-mask level.,Reduces object-level measurements to image-level phenotypes for biological comparison.,"Source: raw metrics table (e.g., organelle_morphology_metrics). Computation: pandas groupby(median) on `solidity` per (dataset, image_name, mask_name, scale, object).","pandas (groupby, agg, merge)","The MEDIAN of solidity values aggregates object-level measurements into per-image summaries, reducing object-level heterogeneity into interpretable image-level descriptors. These aggregated statistics enable comparative phenotyping across experimental conditions."
"solidity,std",STD of `solidity` aggregated at per-image/per-mask level.,Reduces object-level measurements to image-level phenotypes for biological comparison.,"Source: raw metrics table (e.g., organelle_morphology_metrics). Computation: pandas groupby(std) on `solidity` per (dataset, image_name, mask_name, scale, object).","pandas (groupby, agg, merge)","The STD of solidity values aggregates object-level measurements into per-image summaries, reducing object-level heterogeneity into interpretable image-level descriptors. These aggregated statistics enable comparative phenotyping across experimental conditions."
"axis_major_length,mean",MEAN of `axis_major_length` aggregated at per-image/per-mask level.,Reduces object-level measurements to image-level phenotypes for biological comparison.,"Source: raw metrics table (e.g., organelle_morphology_metrics). Computation: pandas groupby(mean) on `axis_major_length` per (dataset, image_name, mask_name, scale, object).","pandas (groupby, agg, merge)","The MEAN of axis_major_length values aggregates object-level measurements into per-image summaries, reducing object-level heterogeneity into interpretable image-level descriptors. These aggregated statistics enable comparative phenotyping across experimental conditions."
"axis_major_length,median",MEDIAN of `axis_major_length` aggregated at per-image/per-mask level.,Reduces object-level measurements to image-level phenotypes for biological comparison.,"Source: raw metrics table (e.g., organelle_morphology_metrics). Computation: pandas groupby(median) on `axis_major_length` per (dataset, image_name, mask_name, scale, object).","pandas (groupby, agg, merge)","The MEDIAN of axis_major_length values aggregates object-level measurements into per-image summaries, reducing object-level heterogeneity into interpretable image-level descriptors. These aggregated statistics enable comparative phenotyping across experimental conditions."
"axis_major_length,std",STD of `axis_major_length` aggregated at per-image/per-mask level.,Reduces object-level measurements to image-level phenotypes for biological comparison.,"Source: raw metrics table (e.g., organelle_morphology_metrics). Computation: pandas groupby(std) on `axis_major_length` per (dataset, image_name, mask_name, scale, object).","pandas (groupby, agg, merge)","The STD of axis_major_length values aggregates object-level measurements into per-image summaries, reducing object-level heterogeneity into interpretable image-level descriptors. These aggregated statistics enable comparative phenotyping across experimental conditions."
"min_intensity-mito-ch,mean",MEAN of `min_intensity-mito-ch` aggregated at per-image/per-mask level.,Reduces object-level measurements to image-level phenotypes for biological comparison.,"Source: raw metrics table (e.g., organelle_morphology_metrics). Computation: pandas groupby(mean) on `min_intensity-mito-ch` per (dataset, image_name, mask_name, scale, object).","pandas (groupby, agg, merge)","The minimum intensity within each mito-channel-positive organelle identifies dimly staining regions, potentially indicating uneven fluorophore distribution or heterogeneous biochemical composition. This metric captures organelle-level heterogeneity in molecular content."
"min_intensity-lyso-ch,mean",MEAN of `min_intensity-lyso-ch` aggregated at per-image/per-mask level.,Reduces object-level measurements to image-level phenotypes for biological comparison.,"Source: raw metrics table (e.g., organelle_morphology_metrics). Computation: pandas groupby(mean) on `min_intensity-lyso-ch` per (dataset, image_name, mask_name, scale, object).","pandas (groupby, agg, merge)","The minimum intensity within each lyso-channel-positive organelle identifies dimly staining regions, potentially indicating uneven fluorophore distribution or heterogeneous biochemical composition. This metric captures organelle-level heterogeneity in molecular content."
"min_intensity-golgi-ch,mean",MEAN of `min_intensity-golgi-ch` aggregated at per-image/per-mask level.,Reduces object-level measurements to image-level phenotypes for biological comparison.,"Source: raw metrics table (e.g., organelle_morphology_metrics). Computation: pandas groupby(mean) on `min_intensity-golgi-ch` per (dataset, image_name, mask_name, scale, object).","pandas (groupby, agg, merge)","The minimum intensity within each golgi-channel-positive organelle identifies dimly staining regions, potentially indicating uneven fluorophore distribution or heterogeneous biochemical composition. This metric captures organelle-level heterogeneity in molecular content."
"min_intensity-perox-ch,mean",MEAN of `min_intensity-perox-ch` aggregated at per-image/per-mask level.,Reduces object-level measurements to image-level phenotypes for biological comparison.,"Source: raw metrics table (e.g., organelle_morphology_metrics). Computation: pandas groupby(mean) on `min_intensity-perox-ch` per (dataset, image_name, mask_name, scale, object).","pandas (groupby, agg, merge)","The minimum intensity within each perox-channel-positive organelle identifies dimly staining regions, potentially indicating uneven fluorophore distribution or heterogeneous biochemical composition. This metric captures organelle-level heterogeneity in molecular content."
"min_intensity-ER-ch,mean",MEAN of `min_intensity-ER-ch` aggregated at per-image/per-mask level.,Reduces object-level measurements to image-level phenotypes for biological comparison.,"Source: raw metrics table (e.g., organelle_morphology_metrics). Computation: pandas groupby(mean) on `min_intensity-ER-ch` per (dataset, image_name, mask_name, scale, object).","pandas (groupby, agg, merge)","The minimum intensity within each ER-channel-positive organelle identifies dimly staining regions, potentially indicating uneven fluorophore distribution or heterogeneous biochemical composition. This metric captures organelle-level heterogeneity in molecular content."
"min_intensity-LD-ch,mean",MEAN of `min_intensity-LD-ch` aggregated at per-image/per-mask level.,Reduces object-level measurements to image-level phenotypes for biological comparison.,"Source: raw metrics table (e.g., organelle_morphology_metrics). Computation: pandas groupby(mean) on `min_intensity-LD-ch` per (dataset, image_name, mask_name, scale, object).","pandas (groupby, agg, merge)","The minimum intensity within each LD-channel-positive organelle identifies dimly staining regions, potentially indicating uneven fluorophore distribution or heterogeneous biochemical composition. This metric captures organelle-level heterogeneity in molecular content."
"min_intensity-mito-ch,median",MEDIAN of `min_intensity-mito-ch` aggregated at per-image/per-mask level.,Reduces object-level measurements to image-level phenotypes for biological comparison.,"Source: raw metrics table (e.g., organelle_morphology_metrics). Computation: pandas groupby(median) on `min_intensity-mito-ch` per (dataset, image_name, mask_name, scale, object).","pandas (groupby, agg, merge)","The minimum intensity within each mito-channel-positive organelle identifies dimly staining regions, potentially indicating uneven fluorophore distribution or heterogeneous biochemical composition. This metric captures organelle-level heterogeneity in molecular content."
"min_intensity-lyso-ch,median",MEDIAN of `min_intensity-lyso-ch` aggregated at per-image/per-mask level.,Reduces object-level measurements to image-level phenotypes for biological comparison.,"Source: raw metrics table (e.g., organelle_morphology_metrics). Computation: pandas groupby(median) on `min_intensity-lyso-ch` per (dataset, image_name, mask_name, scale, object).","pandas (groupby, agg, merge)","The minimum intensity within each lyso-channel-positive organelle identifies dimly staining regions, potentially indicating uneven fluorophore distribution or heterogeneous biochemical composition. This metric captures organelle-level heterogeneity in molecular content."
"min_intensity-golgi-ch,median",MEDIAN of `min_intensity-golgi-ch` aggregated at per-image/per-mask level.,Reduces object-level measurements to image-level phenotypes for biological comparison.,"Source: raw metrics table (e.g., organelle_morphology_metrics). Computation: pandas groupby(median) on `min_intensity-golgi-ch` per (dataset, image_name, mask_name, scale, object).","pandas (groupby, agg, merge)","The minimum intensity within each golgi-channel-positive organelle identifies dimly staining regions, potentially indicating uneven fluorophore distribution or heterogeneous biochemical composition. This metric captures organelle-level heterogeneity in molecular content."
"min_intensity-perox-ch,median",MEDIAN of `min_intensity-perox-ch` aggregated at per-image/per-mask level.,Reduces object-level measurements to image-level phenotypes for biological comparison.,"Source: raw metrics table (e.g., organelle_morphology_metrics). Computation: pandas groupby(median) on `min_intensity-perox-ch` per (dataset, image_name, mask_name, scale, object).","pandas (groupby, agg, merge)","The minimum intensity within each perox-channel-positive organelle identifies dimly staining regions, potentially indicating uneven fluorophore distribution or heterogeneous biochemical composition. This metric captures organelle-level heterogeneity in molecular content."
"min_intensity-ER-ch,median",MEDIAN of `min_intensity-ER-ch` aggregated at per-image/per-mask level.,Reduces object-level measurements to image-level phenotypes for biological comparison.,"Source: raw metrics table (e.g., organelle_morphology_metrics). Computation: pandas groupby(median) on `min_intensity-ER-ch` per (dataset, image_name, mask_name, scale, object).","pandas (groupby, agg, merge)","The minimum intensity within each ER-channel-positive organelle identifies dimly staining regions, potentially indicating uneven fluorophore distribution or heterogeneous biochemical composition. This metric captures organelle-level heterogeneity in molecular content."
"min_intensity-LD-ch,median",MEDIAN of `min_intensity-LD-ch` aggregated at per-image/per-mask level.,Reduces object-level measurements to image-level phenotypes for biological comparison.,"Source: raw metrics table (e.g., organelle_morphology_metrics). Computation: pandas groupby(median) on `min_intensity-LD-ch` per (dataset, image_name, mask_name, scale, object).","pandas (groupby, agg, merge)","The minimum intensity within each LD-channel-positive organelle identifies dimly staining regions, potentially indicating uneven fluorophore distribution or heterogeneous biochemical composition. This metric captures organelle-level heterogeneity in molecular content."
"min_intensity-mito-ch,std",STD of `min_intensity-mito-ch` aggregated at per-image/per-mask level.,Reduces object-level measurements to image-level phenotypes for biological comparison.,"Source: raw metrics table (e.g., organelle_morphology_metrics). Computation: pandas groupby(std) on `min_intensity-mito-ch` per (dataset, image_name, mask_name, scale, object).","pandas (groupby, agg, merge)","The minimum intensity within each mito-channel-positive organelle identifies dimly staining regions, potentially indicating uneven fluorophore distribution or heterogeneous biochemical composition. This metric captures organelle-level heterogeneity in molecular content."
"min_intensity-lyso-ch,std",STD of `min_intensity-lyso-ch` aggregated at per-image/per-mask level.,Reduces object-level measurements to image-level phenotypes for biological comparison.,"Source: raw metrics table (e.g., organelle_morphology_metrics). Computation: pandas groupby(std) on `min_intensity-lyso-ch` per (dataset, image_name, mask_name, scale, object).","pandas (groupby, agg, merge)","The minimum intensity within each lyso-channel-positive organelle identifies dimly staining regions, potentially indicating uneven fluorophore distribution or heterogeneous biochemical composition. This metric captures organelle-level heterogeneity in molecular content."
"min_intensity-golgi-ch,std",STD of `min_intensity-golgi-ch` aggregated at per-image/per-mask level.,Reduces object-level measurements to image-level phenotypes for biological comparison.,"Source: raw metrics table (e.g., organelle_morphology_metrics). Computation: pandas groupby(std) on `min_intensity-golgi-ch` per (dataset, image_name, mask_name, scale, object).","pandas (groupby, agg, merge)","The minimum intensity within each golgi-channel-positive organelle identifies dimly staining regions, potentially indicating uneven fluorophore distribution or heterogeneous biochemical composition. This metric captures organelle-level heterogeneity in molecular content."
"min_intensity-perox-ch,std",STD of `min_intensity-perox-ch` aggregated at per-image/per-mask level.,Reduces object-level measurements to image-level phenotypes for biological comparison.,"Source: raw metrics table (e.g., organelle_morphology_metrics). Computation: pandas groupby(std) on `min_intensity-perox-ch` per (dataset, image_name, mask_name, scale, object).","pandas (groupby, agg, merge)","The minimum intensity within each perox-channel-positive organelle identifies dimly staining regions, potentially indicating uneven fluorophore distribution or heterogeneous biochemical composition. This metric captures organelle-level heterogeneity in molecular content."
"min_intensity-ER-ch,std",STD of `min_intensity-ER-ch` aggregated at per-image/per-mask level.,Reduces object-level measurements to image-level phenotypes for biological comparison.,"Source: raw metrics table (e.g., organelle_morphology_metrics). Computation: pandas groupby(std) on `min_intensity-ER-ch` per (dataset, image_name, mask_name, scale, object).","pandas (groupby, agg, merge)","The minimum intensity within each ER-channel-positive organelle identifies dimly staining regions, potentially indicating uneven fluorophore distribution or heterogeneous biochemical composition. This metric captures organelle-level heterogeneity in molecular content."
"min_intensity-LD-ch,std",STD of `min_intensity-LD-ch` aggregated at per-image/per-mask level.,Reduces object-level measurements to image-level phenotypes for biological comparison.,"Source: raw metrics table (e.g., organelle_morphology_metrics). Computation: pandas groupby(std) on `min_intensity-LD-ch` per (dataset, image_name, mask_name, scale, object).","pandas (groupby, agg, merge)","The minimum intensity within each LD-channel-positive organelle identifies dimly staining regions, potentially indicating uneven fluorophore distribution or heterogeneous biochemical composition. This metric captures organelle-level heterogeneity in molecular content."
"max_intensity-mito-ch,mean",MEAN of `max_intensity-mito-ch` aggregated at per-image/per-mask level.,Reduces object-level measurements to image-level phenotypes for biological comparison.,"Source: raw metrics table (e.g., organelle_morphology_metrics). Computation: pandas groupby(mean) on `max_intensity-mito-ch` per (dataset, image_name, mask_name, scale, object).","pandas (groupby, agg, merge)","Maximum intensity values identify bright puncta or enriched regions within mito-positive organelles, potentially indicating concentrated fluorophore labeling or locally enhanced molecular interactions."
"max_intensity-lyso-ch,mean",MEAN of `max_intensity-lyso-ch` aggregated at per-image/per-mask level.,Reduces object-level measurements to image-level phenotypes for biological comparison.,"Source: raw metrics table (e.g., organelle_morphology_metrics). Computation: pandas groupby(mean) on `max_intensity-lyso-ch` per (dataset, image_name, mask_name, scale, object).","pandas (groupby, agg, merge)","Maximum intensity values identify bright puncta or enriched regions within lyso-positive organelles, potentially indicating concentrated fluorophore labeling or locally enhanced molecular interactions."
"max_intensity-golgi-ch,mean",MEAN of `max_intensity-golgi-ch` aggregated at per-image/per-mask level.,Reduces object-level measurements to image-level phenotypes for biological comparison.,"Source: raw metrics table (e.g., organelle_morphology_metrics). Computation: pandas groupby(mean) on `max_intensity-golgi-ch` per (dataset, image_name, mask_name, scale, object).","pandas (groupby, agg, merge)","Maximum intensity values identify bright puncta or enriched regions within golgi-positive organelles, potentially indicating concentrated fluorophore labeling or locally enhanced molecular interactions."
"max_intensity-perox-ch,mean",MEAN of `max_intensity-perox-ch` aggregated at per-image/per-mask level.,Reduces object-level measurements to image-level phenotypes for biological comparison.,"Source: raw metrics table (e.g., organelle_morphology_metrics). Computation: pandas groupby(mean) on `max_intensity-perox-ch` per (dataset, image_name, mask_name, scale, object).","pandas (groupby, agg, merge)","Maximum intensity values identify bright puncta or enriched regions within perox-positive organelles, potentially indicating concentrated fluorophore labeling or locally enhanced molecular interactions."
"max_intensity-ER-ch,mean",MEAN of `max_intensity-ER-ch` aggregated at per-image/per-mask level.,Reduces object-level measurements to image-level phenotypes for biological comparison.,"Source: raw metrics table (e.g., organelle_morphology_metrics). Computation: pandas groupby(mean) on `max_intensity-ER-ch` per (dataset, image_name, mask_name, scale, object).","pandas (groupby, agg, merge)","Maximum intensity values identify bright puncta or enriched regions within ER-positive organelles, potentially indicating concentrated fluorophore labeling or locally enhanced molecular interactions."
"max_intensity-LD-ch,mean",MEAN of `max_intensity-LD-ch` aggregated at per-image/per-mask level.,Reduces object-level measurements to image-level phenotypes for biological comparison.,"Source: raw metrics table (e.g., organelle_morphology_metrics). Computation: pandas groupby(mean) on `max_intensity-LD-ch` per (dataset, image_name, mask_name, scale, object).","pandas (groupby, agg, merge)","Maximum intensity values identify bright puncta or enriched regions within LD-positive organelles, potentially indicating concentrated fluorophore labeling or locally enhanced molecular interactions."
"max_intensity-mito-ch,median",MEDIAN of `max_intensity-mito-ch` aggregated at per-image/per-mask level.,Reduces object-level measurements to image-level phenotypes for biological comparison.,"Source: raw metrics table (e.g., organelle_morphology_metrics). Computation: pandas groupby(median) on `max_intensity-mito-ch` per (dataset, image_name, mask_name, scale, object).","pandas (groupby, agg, merge)","Maximum intensity values identify bright puncta or enriched regions within mito-positive organelles, potentially indicating concentrated fluorophore labeling or locally enhanced molecular interactions."
"max_intensity-lyso-ch,median",MEDIAN of `max_intensity-lyso-ch` aggregated at per-image/per-mask level.,Reduces object-level measurements to image-level phenotypes for biological comparison.,"Source: raw metrics table (e.g., organelle_morphology_metrics). Computation: pandas groupby(median) on `max_intensity-lyso-ch` per (dataset, image_name, mask_name, scale, object).","pandas (groupby, agg, merge)","Maximum intensity values identify bright puncta or enriched regions within lyso-positive organelles, potentially indicating concentrated fluorophore labeling or locally enhanced molecular interactions."
"max_intensity-golgi-ch,median",MEDIAN of `max_intensity-golgi-ch` aggregated at per-image/per-mask level.,Reduces object-level measurements to image-level phenotypes for biological comparison.,"Source: raw metrics table (e.g., organelle_morphology_metrics). Computation: pandas groupby(median) on `max_intensity-golgi-ch` per (dataset, image_name, mask_name, scale, object).","pandas (groupby, agg, merge)","Maximum intensity values identify bright puncta or enriched regions within golgi-positive organelles, potentially indicating concentrated fluorophore labeling or locally enhanced molecular interactions."
"max_intensity-perox-ch,median",MEDIAN of `max_intensity-perox-ch` aggregated at per-image/per-mask level.,Reduces object-level measurements to image-level phenotypes for biological comparison.,"Source: raw metrics table (e.g., organelle_morphology_metrics). Computation: pandas groupby(median) on `max_intensity-perox-ch` per (dataset, image_name, mask_name, scale, object).","pandas (groupby, agg, merge)","Maximum intensity values identify bright puncta or enriched regions within perox-positive organelles, potentially indicating concentrated fluorophore labeling or locally enhanced molecular interactions."
"max_intensity-ER-ch,median",MEDIAN of `max_intensity-ER-ch` aggregated at per-image/per-mask level.,Reduces object-level measurements to image-level phenotypes for biological comparison.,"Source: raw metrics table (e.g., organelle_morphology_metrics). Computation: pandas groupby(median) on `max_intensity-ER-ch` per (dataset, image_name, mask_name, scale, object).","pandas (groupby, agg, merge)","Maximum intensity values identify bright puncta or enriched regions within ER-positive organelles, potentially indicating concentrated fluorophore labeling or locally enhanced molecular interactions."
"max_intensity-LD-ch,median",MEDIAN of `max_intensity-LD-ch` aggregated at per-image/per-mask level.,Reduces object-level measurements to image-level phenotypes for biological comparison.,"Source: raw metrics table (e.g., organelle_morphology_metrics). Computation: pandas groupby(median) on `max_intensity-LD-ch` per (dataset, image_name, mask_name, scale, object).","pandas (groupby, agg, merge)","Maximum intensity values identify bright puncta or enriched regions within LD-positive organelles, potentially indicating concentrated fluorophore labeling or locally enhanced molecular interactions."
"max_intensity-mito-ch,std",STD of `max_intensity-mito-ch` aggregated at per-image/per-mask level.,Reduces object-level measurements to image-level phenotypes for biological comparison.,"Source: raw metrics table (e.g., organelle_morphology_metrics). Computation: pandas groupby(std) on `max_intensity-mito-ch` per (dataset, image_name, mask_name, scale, object).","pandas (groupby, agg, merge)","Maximum intensity values identify bright puncta or enriched regions within mito-positive organelles, potentially indicating concentrated fluorophore labeling or locally enhanced molecular interactions."
"max_intensity-lyso-ch,std",STD of `max_intensity-lyso-ch` aggregated at per-image/per-mask level.,Reduces object-level measurements to image-level phenotypes for biological comparison.,"Source: raw metrics table (e.g., organelle_morphology_metrics). Computation: pandas groupby(std) on `max_intensity-lyso-ch` per (dataset, image_name, mask_name, scale, object).","pandas (groupby, agg, merge)","Maximum intensity values identify bright puncta or enriched regions within lyso-positive organelles, potentially indicating concentrated fluorophore labeling or locally enhanced molecular interactions."
"max_intensity-golgi-ch,std",STD of `max_intensity-golgi-ch` aggregated at per-image/per-mask level.,Reduces object-level measurements to image-level phenotypes for biological comparison.,"Source: raw metrics table (e.g., organelle_morphology_metrics). Computation: pandas groupby(std) on `max_intensity-golgi-ch` per (dataset, image_name, mask_name, scale, object).","pandas (groupby, agg, merge)","Maximum intensity values identify bright puncta or enriched regions within golgi-positive organelles, potentially indicating concentrated fluorophore labeling or locally enhanced molecular interactions."
"max_intensity-perox-ch,std",STD of `max_intensity-perox-ch` aggregated at per-image/per-mask level.,Reduces object-level measurements to image-level phenotypes for biological comparison.,"Source: raw metrics table (e.g., organelle_morphology_metrics). Computation: pandas groupby(std) on `max_intensity-perox-ch` per (dataset, image_name, mask_name, scale, object).","pandas (groupby, agg, merge)","Maximum intensity values identify bright puncta or enriched regions within perox-positive organelles, potentially indicating concentrated fluorophore labeling or locally enhanced molecular interactions."
"max_intensity-ER-ch,std",STD of `max_intensity-ER-ch` aggregated at per-image/per-mask level.,Reduces object-level measurements to image-level phenotypes for biological comparison.,"Source: raw metrics table (e.g., organelle_morphology_metrics). Computation: pandas groupby(std) on `max_intensity-ER-ch` per (dataset, image_name, mask_name, scale, object).","pandas (groupby, agg, merge)","Maximum intensity values identify bright puncta or enriched regions within ER-positive organelles, potentially indicating concentrated fluorophore labeling or locally enhanced molecular interactions."
"max_intensity-LD-ch,std",STD of `max_intensity-LD-ch` aggregated at per-image/per-mask level.,Reduces object-level measurements to image-level phenotypes for biological comparison.,"Source: raw metrics table (e.g., organelle_morphology_metrics). Computation: pandas groupby(std) on `max_intensity-LD-ch` per (dataset, image_name, mask_name, scale, object).","pandas (groupby, agg, merge)","Maximum intensity values identify bright puncta or enriched regions within LD-positive organelles, potentially indicating concentrated fluorophore labeling or locally enhanced molecular interactions."
"mean_intensity-mito-ch,mean",MEAN of `mean_intensity-mito-ch` aggregated at per-image/per-mask level.,Reduces object-level measurements to image-level phenotypes for biological comparison.,"Source: raw metrics table (e.g., organelle_morphology_metrics). Computation: pandas groupby(mean) on `mean_intensity-mito-ch` per (dataset, image_name, mask_name, scale, object).","pandas (groupby, agg, merge)","Mean intensity quantifies average mito-channel fluorescence per organelle, providing an integrated measure of molecular content and labeling intensity. This metric reflects both molecular abundance and local concentration."
"mean_intensity-lyso-ch,mean",MEAN of `mean_intensity-lyso-ch` aggregated at per-image/per-mask level.,Reduces object-level measurements to image-level phenotypes for biological comparison.,"Source: raw metrics table (e.g., organelle_morphology_metrics). Computation: pandas groupby(mean) on `mean_intensity-lyso-ch` per (dataset, image_name, mask_name, scale, object).","pandas (groupby, agg, merge)","Mean intensity quantifies average lyso-channel fluorescence per organelle, providing an integrated measure of molecular content and labeling intensity. This metric reflects both molecular abundance and local concentration."
"mean_intensity-golgi-ch,mean",MEAN of `mean_intensity-golgi-ch` aggregated at per-image/per-mask level.,Reduces object-level measurements to image-level phenotypes for biological comparison.,"Source: raw metrics table (e.g., organelle_morphology_metrics). Computation: pandas groupby(mean) on `mean_intensity-golgi-ch` per (dataset, image_name, mask_name, scale, object).","pandas (groupby, agg, merge)","Mean intensity quantifies average golgi-channel fluorescence per organelle, providing an integrated measure of molecular content and labeling intensity. This metric reflects both molecular abundance and local concentration."
"mean_intensity-perox-ch,mean",MEAN of `mean_intensity-perox-ch` aggregated at per-image/per-mask level.,Reduces object-level measurements to image-level phenotypes for biological comparison.,"Source: raw metrics table (e.g., organelle_morphology_metrics). Computation: pandas groupby(mean) on `mean_intensity-perox-ch` per (dataset, image_name, mask_name, scale, object).","pandas (groupby, agg, merge)","Mean intensity quantifies average perox-channel fluorescence per organelle, providing an integrated measure of molecular content and labeling intensity. This metric reflects both molecular abundance and local concentration."
"mean_intensity-ER-ch,mean",MEAN of `mean_intensity-ER-ch` aggregated at per-image/per-mask level.,Reduces object-level measurements to image-level phenotypes for biological comparison.,"Source: raw metrics table (e.g., organelle_morphology_metrics). Computation: pandas groupby(mean) on `mean_intensity-ER-ch` per (dataset, image_name, mask_name, scale, object).","pandas (groupby, agg, merge)","Mean intensity quantifies average ER-channel fluorescence per organelle, providing an integrated measure of molecular content and labeling intensity. This metric reflects both molecular abundance and local concentration."
"mean_intensity-LD-ch,mean",MEAN of `mean_intensity-LD-ch` aggregated at per-image/per-mask level.,Reduces object-level measurements to image-level phenotypes for biological comparison.,"Source: raw metrics table (e.g., organelle_morphology_metrics). Computation: pandas groupby(mean) on `mean_intensity-LD-ch` per (dataset, image_name, mask_name, scale, object).","pandas (groupby, agg, merge)","Mean intensity quantifies average LD-channel fluorescence per organelle, providing an integrated measure of molecular content and labeling intensity. This metric reflects both molecular abundance and local concentration."
"mean_intensity-mito-ch,median",MEDIAN of `mean_intensity-mito-ch` aggregated at per-image/per-mask level.,Reduces object-level measurements to image-level phenotypes for biological comparison.,"Source: raw metrics table (e.g., organelle_morphology_metrics). Computation: pandas groupby(median) on `mean_intensity-mito-ch` per (dataset, image_name, mask_name, scale, object).","pandas (groupby, agg, merge)","Mean intensity quantifies average mito-channel fluorescence per organelle, providing an integrated measure of molecular content and labeling intensity. This metric reflects both molecular abundance and local concentration."
"mean_intensity-lyso-ch,median",MEDIAN of `mean_intensity-lyso-ch` aggregated at per-image/per-mask level.,Reduces object-level measurements to image-level phenotypes for biological comparison.,"Source: raw metrics table (e.g., organelle_morphology_metrics). Computation: pandas groupby(median) on `mean_intensity-lyso-ch` per (dataset, image_name, mask_name, scale, object).","pandas (groupby, agg, merge)","Mean intensity quantifies average lyso-channel fluorescence per organelle, providing an integrated measure of molecular content and labeling intensity. This metric reflects both molecular abundance and local concentration."
"mean_intensity-golgi-ch,median",MEDIAN of `mean_intensity-golgi-ch` aggregated at per-image/per-mask level.,Reduces object-level measurements to image-level phenotypes for biological comparison.,"Source: raw metrics table (e.g., organelle_morphology_metrics). Computation: pandas groupby(median) on `mean_intensity-golgi-ch` per (dataset, image_name, mask_name, scale, object).","pandas (groupby, agg, merge)","Mean intensity quantifies average golgi-channel fluorescence per organelle, providing an integrated measure of molecular content and labeling intensity. This metric reflects both molecular abundance and local concentration."
"mean_intensity-perox-ch,median",MEDIAN of `mean_intensity-perox-ch` aggregated at per-image/per-mask level.,Reduces object-level measurements to image-level phenotypes for biological comparison.,"Source: raw metrics table (e.g., organelle_morphology_metrics). Computation: pandas groupby(median) on `mean_intensity-perox-ch` per (dataset, image_name, mask_name, scale, object).","pandas (groupby, agg, merge)","Mean intensity quantifies average perox-channel fluorescence per organelle, providing an integrated measure of molecular content and labeling intensity. This metric reflects both molecular abundance and local concentration."
"mean_intensity-ER-ch,median",MEDIAN of `mean_intensity-ER-ch` aggregated at per-image/per-mask level.,Reduces object-level measurements to image-level phenotypes for biological comparison.,"Source: raw metrics table (e.g., organelle_morphology_metrics). Computation: pandas groupby(median) on `mean_intensity-ER-ch` per (dataset, image_name, mask_name, scale, object).","pandas (groupby, agg, merge)","Mean intensity quantifies average ER-channel fluorescence per organelle, providing an integrated measure of molecular content and labeling intensity. This metric reflects both molecular abundance and local concentration."
"mean_intensity-LD-ch,median",MEDIAN of `mean_intensity-LD-ch` aggregated at per-image/per-mask level.,Reduces object-level measurements to image-level phenotypes for biological comparison.,"Source: raw metrics table (e.g., organelle_morphology_metrics). Computation: pandas groupby(median) on `mean_intensity-LD-ch` per (dataset, image_name, mask_name, scale, object).","pandas (groupby, agg, merge)","Mean intensity quantifies average LD-channel fluorescence per organelle, providing an integrated measure of molecular content and labeling intensity. This metric reflects both molecular abundance and local concentration."
"mean_intensity-mito-ch,std",STD of `mean_intensity-mito-ch` aggregated at per-image/per-mask level.,Reduces object-level measurements to image-level phenotypes for biological comparison.,"Source: raw metrics table (e.g., organelle_morphology_metrics). Computation: pandas groupby(std) on `mean_intensity-mito-ch` per (dataset, image_name, mask_name, scale, object).","pandas (groupby, agg, merge)","Mean intensity quantifies average mito-channel fluorescence per organelle, providing an integrated measure of molecular content and labeling intensity. This metric reflects both molecular abundance and local concentration."
"mean_intensity-lyso-ch,std",STD of `mean_intensity-lyso-ch` aggregated at per-image/per-mask level.,Reduces object-level measurements to image-level phenotypes for biological comparison.,"Source: raw metrics table (e.g., organelle_morphology_metrics). Computation: pandas groupby(std) on `mean_intensity-lyso-ch` per (dataset, image_name, mask_name, scale, object).","pandas (groupby, agg, merge)","Mean intensity quantifies average lyso-channel fluorescence per organelle, providing an integrated measure of molecular content and labeling intensity. This metric reflects both molecular abundance and local concentration."
"mean_intensity-golgi-ch,std",STD of `mean_intensity-golgi-ch` aggregated at per-image/per-mask level.,Reduces object-level measurements to image-level phenotypes for biological comparison.,"Source: raw metrics table (e.g., organelle_morphology_metrics). Computation: pandas groupby(std) on `mean_intensity-golgi-ch` per (dataset, image_name, mask_name, scale, object).","pandas (groupby, agg, merge)","Mean intensity quantifies average golgi-channel fluorescence per organelle, providing an integrated measure of molecular content and labeling intensity. This metric reflects both molecular abundance and local concentration."
"mean_intensity-perox-ch,std",STD of `mean_intensity-perox-ch` aggregated at per-image/per-mask level.,Reduces object-level measurements to image-level phenotypes for biological comparison.,"Source: raw metrics table (e.g., organelle_morphology_metrics). Computation: pandas groupby(std) on `mean_intensity-perox-ch` per (dataset, image_name, mask_name, scale, object).","pandas (groupby, agg, merge)","Mean intensity quantifies average perox-channel fluorescence per organelle, providing an integrated measure of molecular content and labeling intensity. This metric reflects both molecular abundance and local concentration."
"mean_intensity-ER-ch,std",STD of `mean_intensity-ER-ch` aggregated at per-image/per-mask level.,Reduces object-level measurements to image-level phenotypes for biological comparison.,"Source: raw metrics table (e.g., organelle_morphology_metrics). Computation: pandas groupby(std) on `mean_intensity-ER-ch` per (dataset, image_name, mask_name, scale, object).","pandas (groupby, agg, merge)","Mean intensity quantifies average ER-channel fluorescence per organelle, providing an integrated measure of molecular content and labeling intensity. This metric reflects both molecular abundance and local concentration."
"mean_intensity-LD-ch,std",STD of `mean_intensity-LD-ch` aggregated at per-image/per-mask level.,Reduces object-level measurements to image-level phenotypes for biological comparison.,"Source: raw metrics table (e.g., organelle_morphology_metrics). Computation: pandas groupby(std) on `mean_intensity-LD-ch` per (dataset, image_name, mask_name, scale, object).","pandas (groupby, agg, merge)","Mean intensity quantifies average LD-channel fluorescence per organelle, providing an integrated measure of molecular content and labeling intensity. This metric reflects both molecular abundance and local concentration."
"standard_deviation_intensity-mito-ch,mean",MEAN of `standard_deviation_intensity-mito-ch` aggregated at per-image/per-mask level.,Reduces object-level measurements to image-level phenotypes for biological comparison.,"Source: raw metrics table (e.g., organelle_morphology_metrics). Computation: pandas groupby(mean) on `standard_deviation_intensity-mito-ch` per (dataset, image_name, mask_name, scale, object).","pandas (groupby, agg, merge)","Intensity standard deviation within organelles captures heterogeneity in mito-channel labeling, indicating uneven spatial distribution of molecular content or variable fluorophore binding."
"standard_deviation_intensity-lyso-ch,mean",MEAN of `standard_deviation_intensity-lyso-ch` aggregated at per-image/per-mask level.,Reduces object-level measurements to image-level phenotypes for biological comparison.,"Source: raw metrics table (e.g., organelle_morphology_metrics). Computation: pandas groupby(mean) on `standard_deviation_intensity-lyso-ch` per (dataset, image_name, mask_name, scale, object).","pandas (groupby, agg, merge)","Intensity standard deviation within organelles captures heterogeneity in lyso-channel labeling, indicating uneven spatial distribution of molecular content or variable fluorophore binding."
"standard_deviation_intensity-golgi-ch,mean",MEAN of `standard_deviation_intensity-golgi-ch` aggregated at per-image/per-mask level.,Reduces object-level measurements to image-level phenotypes for biological comparison.,"Source: raw metrics table (e.g., organelle_morphology_metrics). Computation: pandas groupby(mean) on `standard_deviation_intensity-golgi-ch` per (dataset, image_name, mask_name, scale, object).","pandas (groupby, agg, merge)","Intensity standard deviation within organelles captures heterogeneity in golgi-channel labeling, indicating uneven spatial distribution of molecular content or variable fluorophore binding."
"standard_deviation_intensity-perox-ch,mean",MEAN of `standard_deviation_intensity-perox-ch` aggregated at per-image/per-mask level.,Reduces object-level measurements to image-level phenotypes for biological comparison.,"Source: raw metrics table (e.g., organelle_morphology_metrics). Computation: pandas groupby(mean) on `standard_deviation_intensity-perox-ch` per (dataset, image_name, mask_name, scale, object).","pandas (groupby, agg, merge)","Intensity standard deviation within organelles captures heterogeneity in perox-channel labeling, indicating uneven spatial distribution of molecular content or variable fluorophore binding."
"standard_deviation_intensity-ER-ch,mean",MEAN of `standard_deviation_intensity-ER-ch` aggregated at per-image/per-mask level.,Reduces object-level measurements to image-level phenotypes for biological comparison.,"Source: raw metrics table (e.g., organelle_morphology_metrics). Computation: pandas groupby(mean) on `standard_deviation_intensity-ER-ch` per (dataset, image_name, mask_name, scale, object).","pandas (groupby, agg, merge)","Intensity standard deviation within organelles captures heterogeneity in ER-channel labeling, indicating uneven spatial distribution of molecular content or variable fluorophore binding."
"standard_deviation_intensity-LD-ch,mean",MEAN of `standard_deviation_intensity-LD-ch` aggregated at per-image/per-mask level.,Reduces object-level measurements to image-level phenotypes for biological comparison.,"Source: raw metrics table (e.g., organelle_morphology_metrics). Computation: pandas groupby(mean) on `standard_deviation_intensity-LD-ch` per (dataset, image_name, mask_name, scale, object).","pandas (groupby, agg, merge)","Intensity standard deviation within organelles captures heterogeneity in LD-channel labeling, indicating uneven spatial distribution of molecular content or variable fluorophore binding."
"standard_deviation_intensity-mito-ch,median",MEDIAN of `standard_deviation_intensity-mito-ch` aggregated at per-image/per-mask level.,Reduces object-level measurements to image-level phenotypes for biological comparison.,"Source: raw metrics table (e.g., organelle_morphology_metrics). Computation: pandas groupby(median) on `standard_deviation_intensity-mito-ch` per (dataset, image_name, mask_name, scale, object).","pandas (groupby, agg, merge)","Intensity standard deviation within organelles captures heterogeneity in mito-channel labeling, indicating uneven spatial distribution of molecular content or variable fluorophore binding."
"standard_deviation_intensity-lyso-ch,median",MEDIAN of `standard_deviation_intensity-lyso-ch` aggregated at per-image/per-mask level.,Reduces object-level measurements to image-level phenotypes for biological comparison.,"Source: raw metrics table (e.g., organelle_morphology_metrics). Computation: pandas groupby(median) on `standard_deviation_intensity-lyso-ch` per (dataset, image_name, mask_name, scale, object).","pandas (groupby, agg, merge)","Intensity standard deviation within organelles captures heterogeneity in lyso-channel labeling, indicating uneven spatial distribution of molecular content or variable fluorophore binding."
"standard_deviation_intensity-golgi-ch,median",MEDIAN of `standard_deviation_intensity-golgi-ch` aggregated at per-image/per-mask level.,Reduces object-level measurements to image-level phenotypes for biological comparison.,"Source: raw metrics table (e.g., organelle_morphology_metrics). Computation: pandas groupby(median) on `standard_deviation_intensity-golgi-ch` per (dataset, image_name, mask_name, scale, object).","pandas (groupby, agg, merge)","Intensity standard deviation within organelles captures heterogeneity in golgi-channel labeling, indicating uneven spatial distribution of molecular content or variable fluorophore binding."
"standard_deviation_intensity-perox-ch,median",MEDIAN of `standard_deviation_intensity-perox-ch` aggregated at per-image/per-mask level.,Reduces object-level measurements to image-level phenotypes for biological comparison.,"Source: raw metrics table (e.g., organelle_morphology_metrics). Computation: pandas groupby(median) on `standard_deviation_intensity-perox-ch` per (dataset, image_name, mask_name, scale, object).","pandas (groupby, agg, merge)","Intensity standard deviation within organelles captures heterogeneity in perox-channel labeling, indicating uneven spatial distribution of molecular content or variable fluorophore binding."
"standard_deviation_intensity-ER-ch,median",MEDIAN of `standard_deviation_intensity-ER-ch` aggregated at per-image/per-mask level.,Reduces object-level measurements to image-level phenotypes for biological comparison.,"Source: raw metrics table (e.g., organelle_morphology_metrics). Computation: pandas groupby(median) on `standard_deviation_intensity-ER-ch` per (dataset, image_name, mask_name, scale, object).","pandas (groupby, agg, merge)","Intensity standard deviation within organelles captures heterogeneity in ER-channel labeling, indicating uneven spatial distribution of molecular content or variable fluorophore binding."
"standard_deviation_intensity-LD-ch,median",MEDIAN of `standard_deviation_intensity-LD-ch` aggregated at per-image/per-mask level.,Reduces object-level measurements to image-level phenotypes for biological comparison.,"Source: raw metrics table (e.g., organelle_morphology_metrics). Computation: pandas groupby(median) on `standard_deviation_intensity-LD-ch` per (dataset, image_name, mask_name, scale, object).","pandas (groupby, agg, merge)","Intensity standard deviation within organelles captures heterogeneity in LD-channel labeling, indicating uneven spatial distribution of molecular content or variable fluorophore binding."
"standard_deviation_intensity-mito-ch,std",STD of `standard_deviation_intensity-mito-ch` aggregated at per-image/per-mask level.,Reduces object-level measurements to image-level phenotypes for biological comparison.,"Source: raw metrics table (e.g., organelle_morphology_metrics). Computation: pandas groupby(std) on `standard_deviation_intensity-mito-ch` per (dataset, image_name, mask_name, scale, object).","pandas (groupby, agg, merge)","Intensity standard deviation within organelles captures heterogeneity in mito-channel labeling, indicating uneven spatial distribution of molecular content or variable fluorophore binding."
"standard_deviation_intensity-lyso-ch,std",STD of `standard_deviation_intensity-lyso-ch` aggregated at per-image/per-mask level.,Reduces object-level measurements to image-level phenotypes for biological comparison.,"Source: raw metrics table (e.g., organelle_morphology_metrics). Computation: pandas groupby(std) on `standard_deviation_intensity-lyso-ch` per (dataset, image_name, mask_name, scale, object).","pandas (groupby, agg, merge)","Intensity standard deviation within organelles captures heterogeneity in lyso-channel labeling, indicating uneven spatial distribution of molecular content or variable fluorophore binding."
"standard_deviation_intensity-golgi-ch,std",STD of `standard_deviation_intensity-golgi-ch` aggregated at per-image/per-mask level.,Reduces object-level measurements to image-level phenotypes for biological comparison.,"Source: raw metrics table (e.g., organelle_morphology_metrics). Computation: pandas groupby(std) on `standard_deviation_intensity-golgi-ch` per (dataset, image_name, mask_name, scale, object).","pandas (groupby, agg, merge)","Intensity standard deviation within organelles captures heterogeneity in golgi-channel labeling, indicating uneven spatial distribution of molecular content or variable fluorophore binding."
"standard_deviation_intensity-perox-ch,std",STD of `standard_deviation_intensity-perox-ch` aggregated at per-image/per-mask level.,Reduces object-level measurements to image-level phenotypes for biological comparison.,"Source: raw metrics table (e.g., organelle_morphology_metrics). Computation: pandas groupby(std) on `standard_deviation_intensity-perox-ch` per (dataset, image_name, mask_name, scale, object).","pandas (groupby, agg, merge)","Intensity standard deviation within organelles captures heterogeneity in perox-channel labeling, indicating uneven spatial distribution of molecular content or variable fluorophore binding."
"standard_deviation_intensity-ER-ch,std",STD of `standard_deviation_intensity-ER-ch` aggregated at per-image/per-mask level.,Reduces object-level measurements to image-level phenotypes for biological comparison.,"Source: raw metrics table (e.g., organelle_morphology_metrics). Computation: pandas groupby(std) on `standard_deviation_intensity-ER-ch` per (dataset, image_name, mask_name, scale, object).","pandas (groupby, agg, merge)","Intensity standard deviation within organelles captures heterogeneity in ER-channel labeling, indicating uneven spatial distribution of molecular content or variable fluorophore binding."
"standard_deviation_intensity-LD-ch,std",STD of `standard_deviation_intensity-LD-ch` aggregated at per-image/per-mask level.,Reduces object-level measurements to image-level phenotypes for biological comparison.,"Source: raw metrics table (e.g., organelle_morphology_metrics). Computation: pandas groupby(std) on `standard_deviation_intensity-LD-ch` per (dataset, image_name, mask_name, scale, object).","pandas (groupby, agg, merge)","Intensity standard deviation within organelles captures heterogeneity in LD-channel labeling, indicating uneven spatial distribution of molecular content or variable fluorophore binding."
"sum_intensity-mito-ch,mean",MEAN of `sum_intensity-mito-ch` aggregated at per-image/per-mask level.,Reduces object-level measurements to image-level phenotypes for biological comparison.,"Source: raw metrics table (e.g., organelle_morphology_metrics). Computation: pandas groupby(mean) on `sum_intensity-mito-ch` per (dataset, image_name, mask_name, scale, object).","pandas (groupby, agg, merge)","Total integrated mito-channel intensity per organelle provides a proxy for total molecular content, combining information about organelle size and mean labeling intensity."
"sum_intensity-lyso-ch,mean",MEAN of `sum_intensity-lyso-ch` aggregated at per-image/per-mask level.,Reduces object-level measurements to image-level phenotypes for biological comparison.,"Source: raw metrics table (e.g., organelle_morphology_metrics). Computation: pandas groupby(mean) on `sum_intensity-lyso-ch` per (dataset, image_name, mask_name, scale, object).","pandas (groupby, agg, merge)","Total integrated lyso-channel intensity per organelle provides a proxy for total molecular content, combining information about organelle size and mean labeling intensity."
"sum_intensity-golgi-ch,mean",MEAN of `sum_intensity-golgi-ch` aggregated at per-image/per-mask level.,Reduces object-level measurements to image-level phenotypes for biological comparison.,"Source: raw metrics table (e.g., organelle_morphology_metrics). Computation: pandas groupby(mean) on `sum_intensity-golgi-ch` per (dataset, image_name, mask_name, scale, object).","pandas (groupby, agg, merge)","Total integrated golgi-channel intensity per organelle provides a proxy for total molecular content, combining information about organelle size and mean labeling intensity."
"sum_intensity-perox-ch,mean",MEAN of `sum_intensity-perox-ch` aggregated at per-image/per-mask level.,Reduces object-level measurements to image-level phenotypes for biological comparison.,"Source: raw metrics table (e.g., organelle_morphology_metrics). Computation: pandas groupby(mean) on `sum_intensity-perox-ch` per (dataset, image_name, mask_name, scale, object).","pandas (groupby, agg, merge)","Total integrated perox-channel intensity per organelle provides a proxy for total molecular content, combining information about organelle size and mean labeling intensity."
"sum_intensity-ER-ch,mean",MEAN of `sum_intensity-ER-ch` aggregated at per-image/per-mask level.,Reduces object-level measurements to image-level phenotypes for biological comparison.,"Source: raw metrics table (e.g., organelle_morphology_metrics). Computation: pandas groupby(mean) on `sum_intensity-ER-ch` per (dataset, image_name, mask_name, scale, object).","pandas (groupby, agg, merge)","Total integrated ER-channel intensity per organelle provides a proxy for total molecular content, combining information about organelle size and mean labeling intensity."
"sum_intensity-LD-ch,mean",MEAN of `sum_intensity-LD-ch` aggregated at per-image/per-mask level.,Reduces object-level measurements to image-level phenotypes for biological comparison.,"Source: raw metrics table (e.g., organelle_morphology_metrics). Computation: pandas groupby(mean) on `sum_intensity-LD-ch` per (dataset, image_name, mask_name, scale, object).","pandas (groupby, agg, merge)","Total integrated LD-channel intensity per organelle provides a proxy for total molecular content, combining information about organelle size and mean labeling intensity."
"sum_intensity-mito-ch,median",MEDIAN of `sum_intensity-mito-ch` aggregated at per-image/per-mask level.,Reduces object-level measurements to image-level phenotypes for biological comparison.,"Source: raw metrics table (e.g., organelle_morphology_metrics). Computation: pandas groupby(median) on `sum_intensity-mito-ch` per (dataset, image_name, mask_name, scale, object).","pandas (groupby, agg, merge)","Total integrated mito-channel intensity per organelle provides a proxy for total molecular content, combining information about organelle size and mean labeling intensity."
"sum_intensity-lyso-ch,median",MEDIAN of `sum_intensity-lyso-ch` aggregated at per-image/per-mask level.,Reduces object-level measurements to image-level phenotypes for biological comparison.,"Source: raw metrics table (e.g., organelle_morphology_metrics). Computation: pandas groupby(median) on `sum_intensity-lyso-ch` per (dataset, image_name, mask_name, scale, object).","pandas (groupby, agg, merge)","Total integrated lyso-channel intensity per organelle provides a proxy for total molecular content, combining information about organelle size and mean labeling intensity."
"sum_intensity-golgi-ch,median",MEDIAN of `sum_intensity-golgi-ch` aggregated at per-image/per-mask level.,Reduces object-level measurements to image-level phenotypes for biological comparison.,"Source: raw metrics table (e.g., organelle_morphology_metrics). Computation: pandas groupby(median) on `sum_intensity-golgi-ch` per (dataset, image_name, mask_name, scale, object).","pandas (groupby, agg, merge)","Total integrated golgi-channel intensity per organelle provides a proxy for total molecular content, combining information about organelle size and mean labeling intensity."
"sum_intensity-perox-ch,median",MEDIAN of `sum_intensity-perox-ch` aggregated at per-image/per-mask level.,Reduces object-level measurements to image-level phenotypes for biological comparison.,"Source: raw metrics table (e.g., organelle_morphology_metrics). Computation: pandas groupby(median) on `sum_intensity-perox-ch` per (dataset, image_name, mask_name, scale, object).","pandas (groupby, agg, merge)","Total integrated perox-channel intensity per organelle provides a proxy for total molecular content, combining information about organelle size and mean labeling intensity."
"sum_intensity-ER-ch,median",MEDIAN of `sum_intensity-ER-ch` aggregated at per-image/per-mask level.,Reduces object-level measurements to image-level phenotypes for biological comparison.,"Source: raw metrics table (e.g., organelle_morphology_metrics). Computation: pandas groupby(median) on `sum_intensity-ER-ch` per (dataset, image_name, mask_name, scale, object).","pandas (groupby, agg, merge)","Total integrated ER-channel intensity per organelle provides a proxy for total molecular content, combining information about organelle size and mean labeling intensity."
"sum_intensity-LD-ch,median",MEDIAN of `sum_intensity-LD-ch` aggregated at per-image/per-mask level.,Reduces object-level measurements to image-level phenotypes for biological comparison.,"Source: raw metrics table (e.g., organelle_morphology_metrics). Computation: pandas groupby(median) on `sum_intensity-LD-ch` per (dataset, image_name, mask_name, scale, object).","pandas (groupby, agg, merge)","Total integrated LD-channel intensity per organelle provides a proxy for total molecular content, combining information about organelle size and mean labeling intensity."
"sum_intensity-mito-ch,std",STD of `sum_intensity-mito-ch` aggregated at per-image/per-mask level.,Reduces object-level measurements to image-level phenotypes for biological comparison.,"Source: raw metrics table (e.g., organelle_morphology_metrics). Computation: pandas groupby(std) on `sum_intensity-mito-ch` per (dataset, image_name, mask_name, scale, object).","pandas (groupby, agg, merge)","Total integrated mito-channel intensity per organelle provides a proxy for total molecular content, combining information about organelle size and mean labeling intensity."
"sum_intensity-lyso-ch,std",STD of `sum_intensity-lyso-ch` aggregated at per-image/per-mask level.,Reduces object-level measurements to image-level phenotypes for biological comparison.,"Source: raw metrics table (e.g., organelle_morphology_metrics). Computation: pandas groupby(std) on `sum_intensity-lyso-ch` per (dataset, image_name, mask_name, scale, object).","pandas (groupby, agg, merge)","Total integrated lyso-channel intensity per organelle provides a proxy for total molecular content, combining information about organelle size and mean labeling intensity."
"sum_intensity-golgi-ch,std",STD of `sum_intensity-golgi-ch` aggregated at per-image/per-mask level.,Reduces object-level measurements to image-level phenotypes for biological comparison.,"Source: raw metrics table (e.g., organelle_morphology_metrics). Computation: pandas groupby(std) on `sum_intensity-golgi-ch` per (dataset, image_name, mask_name, scale, object).","pandas (groupby, agg, merge)","Total integrated golgi-channel intensity per organelle provides a proxy for total molecular content, combining information about organelle size and mean labeling intensity."
"sum_intensity-perox-ch,std",STD of `sum_intensity-perox-ch` aggregated at per-image/per-mask level.,Reduces object-level measurements to image-level phenotypes for biological comparison.,"Source: raw metrics table (e.g., organelle_morphology_metrics). Computation: pandas groupby(std) on `sum_intensity-perox-ch` per (dataset, image_name, mask_name, scale, object).","pandas (groupby, agg, merge)","Total integrated perox-channel intensity per organelle provides a proxy for total molecular content, combining information about organelle size and mean labeling intensity."
"sum_intensity-ER-ch,std",STD of `sum_intensity-ER-ch` aggregated at per-image/per-mask level.,Reduces object-level measurements to image-level phenotypes for biological comparison.,"Source: raw metrics table (e.g., organelle_morphology_metrics). Computation: pandas groupby(std) on `sum_intensity-ER-ch` per (dataset, image_name, mask_name, scale, object).","pandas (groupby, agg, merge)","Total integrated ER-channel intensity per organelle provides a proxy for total molecular content, combining information about organelle size and mean labeling intensity."
"sum_intensity-LD-ch,std",STD of `sum_intensity-LD-ch` aggregated at per-image/per-mask level.,Reduces object-level measurements to image-level phenotypes for biological comparison.,"Source: raw metrics table (e.g., organelle_morphology_metrics). Computation: pandas groupby(std) on `sum_intensity-LD-ch` per (dataset, image_name, mask_name, scale, object).","pandas (groupby, agg, merge)","Total integrated LD-channel intensity per organelle provides a proxy for total molecular content, combining information about organelle size and mean labeling intensity."
